operating_day,hour_ending,dst,demand_mw,wind_mw,solar_mw,net_load_mw,dam_price,rtm_price
2026-09-18,1,False,62790.46,15781.35,0.11,47009.0,34.36,32.4275
2026-09-18,2,False,60050.77,15621.83,0.15,44428.79,31.9,30.8825
2026-09-18,3,False,58153.02,14984.87,0.13,43168.02,30.56,28.5075
2026-09-18,4,False,56732.09,13811.12,0.13,42920.84,29.58,27.51
2026-09-18,5,False,56261.76,12541.24,0.12,43720.4,30.1,27.805
2026-09-18,6,False,56843.91,10964.43,0.4,45879.08,33.5,34.4425
2026-09-18,7,False,58486.61,9615.47,0.41,48870.73,40.55,33.7425
2026-09-18,8,False,59002.99,8197.68,1089.27,49716.04,40.04,34.8575
2026-09-18,9,False,60815.11,6070.93,13845.21,40898.97,26.16,27.01
2026-09-18,10,False,64947.98,5255.48,27748.89,31943.61,23.65,22.4425
2026-09-18,11,False,69149.0,5357.49,30333.66,33457.85,26.11,22.775
2026-09-18,12,False,73141.52,4699.37,30313.48,38128.67,32.12,25.8675
2026-09-18,13,False,76497.85,4266.43,29816.6,42414.82,36.64,30.155
2026-09-18,14,False,79400.43,4118.05,29570.12,45712.26,44.55,31.87
2026-09-18,15,False,81385.93,4545.47,29479.54,47360.92,49.17,31.6625
2026-09-18,16,False,82539.32,4985.17,29104.57,48449.58,50.44,35.345
2026-09-18,17,False,83098.65,5384.36,28014.16,49700.13,50.9,35.085
2026-09-18,18,False,82403.61,6667.23,23964.91,51771.47,48.91,38.49
2026-09-18,19,False,79800.36,7912.55,11289.54,60598.27,85.61,52.9625
2026-09-18,20,False,76706.45,9940.35,989.62,65776.48,81.75,40.18
2026-09-18,21,False,74190.31,12798.59,0.16,61391.56,69.12,34.66
2026-09-18,22,False,71261.83,16535.52,0.19,54726.12,53.88,30.6875
2026-09-18,23,False,68137.71,18672.02,0.11,49465.58,40.55,28.345
2026-09-18,24,False,64935.09,19680.99,0.17,45253.93,32.09,24.64
2026-09-19,1,False,61848.87,20106.5,0.34,41742.03,33.59,22.925
2026-09-19,2,False,59136.5,19595.21,0.3,39540.99,27.97,22.8225
2026-09-19,3,False,56787.25,18075.41,0.2,38711.64,25.98,22.1
2026-09-19,4,False,55151.78,16604.54,0.14,38547.1,25.34,21.895
2026-09-19,5,False,54049.36,14441.93,0.25,39607.18,25.68,22.3725
2026-09-19,6,False,53603.9,12188.2,0.3,41415.4,27.95,25.1825
2026-09-19,7,False,53750.64,11706.35,0.28,42044.01,29.85,24.465
2026-09-19,8,False,53877.17,11227.71,1300.19,41349.27,29.29,22.29
2026-09-19,9,False,56192.61,9219.12,14936.81,32036.68,22.21,16.78
2026-09-19,10,False,60654.6,9032.16,28739.88,22882.56,19.58,13.1575
2026-09-19,11,False,65512.88,8606.98,32133.52,24772.38,21.97,13.12
2026-09-19,12,False,70165.48,6843.49,31953.91,31368.08,26.85,16.5575
2026-09-19,13,False,74151.52,5532.58,31602.13,37016.81,35.19,21.1125
2026-09-19,14,False,77359.37,4507.3,30983.69,41868.38,43.03,26.705
2026-09-19,15,False,79973.73,4003.31,30279.55,45690.87,43.09,29.4525
2026-09-19,16,False,81896.13,3659.42,28084.21,50152.5,47.14,40.35
2026-09-19,17,False,82789.85,3885.83,24818.29,54085.73,49.14,50.7825
2026-09-19,18,False,81922.87,5356.14,20239.29,56327.44,65.24,52.085
2026-09-19,19,False,79769.72,7225.2,8919.24,63625.28,90.97,67.5075
2026-09-19,20,False,76572.13,10401.03,497.55,65673.55,90.06,47.115
2026-09-19,21,False,74320.76,13188.83,0.18,61131.75,70.43,37.1225
2026-09-19,22,False,71272.54,14687.57,0.13,56584.84,57.68,35.7175
2026-09-19,23,False,68328.05,15709.23,0.14,52618.68,41.92,34.4575
2026-09-19,24,False,65122.89,14281.91,0.14,50840.84,34.97,32.965
2026-09-20,1,False,61940.04,14332.7,0.14,47607.2,34.57,29.9775
2026-09-20,2,False,59218.96,12977.28,0.13,46241.55,31.31,25.7875
2026-09-20,3,False,57015.69,10618.09,0.12,46397.48,30.43,26.17
2026-09-20,4,False,55457.8,9671.38,0.15,45786.27,29.83,24.7875
2026-09-20,5,False,54460.63,8308.78,0.21,46151.64,28.61,26.2675
2026-09-20,6,False,53741.73,7808.2,0.26,45933.27,28.47,25.995
2026-09-20,7,False,53698.18,8636.31,0.31,45061.56,29.4,23.3
2026-09-20,8,False,53655.23,7492.21,1155.03,45007.99,29.2,25.265
2026-09-20,9,False,55880.65,6375.92,10429.83,39074.9,24.12,23.0575
2026-09-20,10,False,59782.9,4960.25,22864.72,31957.93,22.9,22.235
2026-09-20,11,False,64633.47,4827.04,27727.12,32079.31,24.2,20.2375
2026-09-20,12,False,69704.9,4698.73,29345.3,35660.87,27.67,20.7925
2026-09-20,13,False,74503.72,3434.86,30241.37,40827.49,35.84,29.305
2026-09-20,14,False,78284.35,2336.2,30570.54,45377.61,47.16,34.435
2026-09-20,15,False,81117.13,1918.95,29405.34,49792.84,53.56,39.155
2026-09-20,16,False,82839.25,2643.23,26977.79,53218.23,65.06,47.35
2026-09-20,17,False,83005.03,3341.22,23935.63,55728.18,62.48,48.3225
2026-09-20,18,False,81754.21,3776.18,19395.24,58582.79,76.5,89.05
2026-09-20,19,False,78386.38,4705.34,9039.7,64641.34,98.21,94.98
2026-09-20,20,False,75988.28,6092.92,734.14,69161.22,108.34,90.33
2026-09-20,21,False,74230.96,8960.86,0.07,65270.03,97.66,59.9125
2026-09-20,22,False,71433.89,12271.79,0.11,59161.99,96.06,41.755
2026-09-20,23,False,67921.44,14947.7,0.12,52973.62,72.99,34.14
2026-09-20,24,False,64440.7,16067.77,0.12,48372.81,45.44,29.6775
2026-09-21,1,False,61186.17,15506.07,0.12,45679.98,40.16,28.965
2026-09-21,2,False,58720.82,14195.43,0.11,44525.28,38.24,27.0825
2026-09-21,3,False,57050.19,13005.78,0.1,44044.31,39.28,26.59
2026-09-21,4,False,56100.78,11939.95,0.08,44160.75,39.92,26.175
2026-09-21,5,False,56155.75,10457.2,0.08,45698.47,40.94,28.7025
2026-09-21,6,False,57142.09,8056.23,0.22,49085.64,48.58,32.45
2026-09-21,7,False,58699.87,6784.7,0.14,51915.03,55.97,35.1125
2026-09-21,8,False,59131.78,5087.97,960.18,53083.63,47.99,35.805
2026-09-21,9,False,60743.87,4820.77,11461.88,44461.22,36.2,25.245
2026-09-21,10,False,64480.35,3992.07,24539.47,35948.81,29.11,22.6875
2026-09-21,11,False,68863.85,3035.94,29174.64,36653.27,28.86,31.015
2026-09-21,12,False,73441.03,2382.06,29865.9,41193.07,33.94,38.6225
2026-09-21,13,False,77988.85,2593.56,29600.91,45794.38,40.01,45.2025
2026-09-21,14,False,81758.38,3083.67,28102.14,50572.57,52.4,59.2225
2026-09-21,15,False,84815.51,4493.38,26747.7,53574.43,50.35,54.6575
2026-09-21,16,False,85925.71,7293.57,25339.75,53292.39,57.73,48.5425
2026-09-21,17,False,85660.72,9050.51,22219.79,54390.42,66.87,61.825
2026-09-21,18,False,84159.32,10468.28,17292.62,56398.42,64.95,52.915
2026-09-21,19,False,81301.67,11941.1,7732.97,61627.6,97.75,89.005
2026-09-21,20,False,78217.14,12938.43,582.72,64695.99,109.36,59.745
2026-09-21,21,False,76091.56,11392.54,0.32,64698.7,109.13,49.28
2026-09-21,22,False,73035.85,9620.75,0.36,63414.74,106.23,42.0575
2026-09-21,23,False,69060.16,9690.01,0.31,59369.84,90.37,41.345
2026-09-21,24,False,64881.35,9107.92,0.2,55773.23,62.42,39.21
2026-09-22,1,False,61628.25,8551.81,0.2,53076.24,40.34,36.17
2026-09-22,2,False,58834.61,7686.2,3.28,51145.13,36.79,34.6775
2026-09-22,3,False,56718.12,6704.86,0.48,50012.78,35.74,35.3925
2026-09-22,4,False,55496.17,5839.65,0.21,49656.31,35.2,33.6875
2026-09-22,5,False,55473.71,5547.31,0.2,49926.2,34.39,31.915
2026-09-22,6,False,56442.5,5360.83,0.23,51081.44,38.2,34.9
2026-09-22,7,False,58376.06,5329.21,0.33,53046.52,42.28,34.585
2026-09-22,8,False,58650.68,4760.34,1045.85,52844.49,40.89,37.74
2026-09-22,9,False,60062.05,3645.5,14025.44,42391.11,27.37,24.4
2026-09-22,10,False,63793.89,2571.27,27020.03,34202.59,26.32,22.61
2026-09-22,11,False,67849.52,2145.4,29422.98,36281.14,29.51,27.55
2026-09-22,12,False,72282.39,2440.33,29821.85,40020.21,32.68,30.7725
2026-09-22,13,False,76557.83,2962.87,29064.73,44530.23,36.97,52.4175
2026-09-22,14,False,80585.31,4430.27,27943.96,48211.08,44.97,46.62
2026-09-22,15,False,83613.17,6021.44,26931.67,50660.06,50.32,45.375
2026-09-22,16,False,85221.0,8573.33,25398.65,51249.02,56.52,63.1775
2026-09-22,17,False,85311.93,9635.08,22917.24,52759.61,63.34,61.9225
2026-09-22,18,False,84224.55,10716.15,17164.25,56344.15,69.44,63.515
2026-09-22,19,False,81323.06,10944.77,6461.16,63917.13,102.98,63.745
2026-09-22,20,False,78653.8,10075.89,267.88,68310.03,98.83,61.725
2026-09-22,21,False,76296.19,9253.48,0.14,67042.57,93.69,123.5925
2026-09-22,22,False,72104.88,9182.31,0.25,62922.32,80.83,127.9875
2026-09-22,23,False,68108.04,8674.67,0.11,59433.26,59.64,125.085
2026-09-22,24,False,65157.17,8722.56,0.17,56434.44,42.96,92.4225
2026-09-23,1,False,62334.58,9222.91,0.13,53111.54,36.6,50.9975
2026-09-23,2,False,59986.16,9370.42,0.13,50615.61,34.3,40.5375
2026-09-23,3,False,57964.59,9299.61,0.15,48664.83,31.76,33.73
2026-09-23,4,False,56479.03,8681.99,0.1,47796.94,30.76,33.135
2026-09-23,5,False,56076.7,7543.41,0.68,48532.61,31.24,30.5175
2026-09-23,6,False,56845.74,6598.12,0.1,50247.52,35.53,37.34
2026-09-23,7,False,58629.56,6137.59,0.24,52491.73,39.39,44.8375
2026-09-23,8,False,58889.96,5768.48,847.36,52274.12,36.3,44.0425
2026-09-23,9,False,60406.1,4501.77,11155.14,44749.19,28.69,30.385
2026-09-23,10,False,63842.52,3283.53,22988.78,37570.21,29.52,40.13
2026-09-23,11,False,68211.25,4225.64,26734.58,37251.03,33.17,57.61
2026-09-23,12,False,72682.77,6326.83,28149.52,38206.42,37.29,49.65
2026-09-23,13,False,77034.82,8471.78,27355.14,41207.9,40.8,48.7425
2026-09-23,14,False,80869.66,10393.37,26475.5,44000.79,50.15,61.44
2026-09-23,15,False,83243.49,11854.98,25806.97,45581.54,57.36,57.72
2026-09-23,16,False,84857.17,13532.01,22380.25,48944.91,54.5,58.7575
2026-09-23,17,False,85059.79,14214.03,19077.44,51768.32,56.22,61.2475
2026-09-23,18,False,83544.94,13798.21,14090.09,55656.64,66.18,93.05
2026-09-23,19,False,80420.07,13299.68,4698.34,62422.05,92.15,71.8775
2026-09-23,20,False,78005.17,11325.29,178.22,66501.66,92.72,62.6825
2026-09-23,21,False,75755.32,11042.65,0.14,64712.53,82.46,49.57
2026-09-23,22,False,72787.57,12283.54,0.15,60503.88,65.36,43.1375
2026-09-23,23,False,68858.09,13243.09,0.15,55614.85,45.16,38.9825
2026-09-23,24,False,65068.72,14016.3,0.16,51052.26,35.66,33.1525
2026-09-24,1,False,61859.37,14730.84,0.18,47128.35,35.79,31.4475
2026-09-24,2,False,59405.79,15271.52,0.16,44134.11,31.93,28.4575
2026-09-24,3,False,57549.68,14972.6,0.15,42576.93,30.74,26.0675
2026-09-24,4,False,56346.24,14158.63,0.16,42187.45,30.62,25.3875
2026-09-24,5,False,56092.4,13239.68,0.17,42852.55,31.0,25.505
2026-09-24,6,False,57006.45,12348.69,0.18,44657.58,35.06,28.16
2026-09-24,7,False,58839.33,11040.96,0.3,47798.07,36.11,34.5725
2026-09-24,8,False,59103.52,9785.41,727.37,48590.74,35.32,35.77
2026-09-24,9,False,60242.46,7612.97,11042.1,41587.39,30.54,25.22
2026-09-24,10,False,63184.24,6842.17,23232.71,33109.36,29.72,20.1675
2026-09-24,11,False,66690.54,8738.14,27636.81,30315.59,30.29,20.7775
2026-09-24,12,False,70476.05,10617.11,27867.15,31991.79,36.02,30.2025
2026-09-24,13,False,74361.96,10389.04,27756.82,36216.1,43.12,45.8825
2026-09-24,14,False,77797.68,8946.54,28297.71,40553.43,47.6,42.4875
2026-09-24,15,False,80559.3,8334.42,26527.09,45697.79,50.37,73.555
2026-09-24,16,False,82316.74,8767.33,23946.92,49602.49,57.57,93.8
2026-09-24,17,False,83426.9,10139.67,22672.35,50614.88,57.31,97.1725
2026-09-24,18,False,82643.37,11868.76,17417.49,53357.12,68.04,88.8775
2026-09-24,19,False,79898.62,12571.92,6591.01,60735.69,89.77,66.865
2026-09-24,20,False,77670.94,12272.01,425.89,64973.04,86.17,61.6125
2026-09-24,21,False,75522.46,12312.48,201.39,63008.59,87.47,51.63
2026-09-24,22,False,72958.92,13428.85,166.01,59364.06,72.45,49.6275
2026-09-24,23,False,69532.53,14912.32,0.18,54620.03,49.96,42.4425
2026-09-24,24,False,64977.47,15777.67,0.32,49199.48,39.34,37.1825
2026-09-25,1,False,61541.15,14548.32,0.18,46992.65,33.15,41.465
2026-09-25,2,False,58754.64,14104.38,0.18,44650.08,30.64,38.8925
2026-09-25,3,False,56593.15,13756.56,0.19,42836.4,29.26,32.6825
2026-09-25,4,False,55082.01,12571.34,0.17,42510.5,27.34,33.1475
2026-09-25,5,False,54691.21,11196.94,0.15,43494.12,27.47,31.0075
2026-09-25,6,False,55127.48,9801.9,0.18,45325.4,31.29,40.37
2026-09-25,7,False,56385.35,9083.52,0.32,47301.51,35.87,42.2775
2026-09-25,8,False,56640.89,8130.63,818.4,47691.86,35.85,42.62
2026-09-25,9,False,57929.76,6939.31,10863.98,40126.47,26.35,25.5275
2026-09-25,10,False,60622.26,6800.2,22654.63,31167.43,24.35,20.595
2026-09-25,11,False,63580.01,8804.58,26253.54,28521.89,25.87,19.6975
2026-09-25,12,False,67049.14,8559.86,28707.95,29781.33,28.01,19.9525
2026-09-25,13,False,70805.3,6916.61,29264.02,34624.67,34.91,22.5175
2026-09-25,14,False,74547.52,6179.03,29154.57,39213.92,38.85,24.7975
2026-09-25,15,False,77722.88,6326.78,27873.24,43522.86,42.63,37.51
2026-09-25,16,False,80167.7,7481.15,26995.47,45691.08,48.08,41.795
2026-09-25,17,False,81227.32,8530.11,23804.89,48892.32,50.63,46.0125
2026-09-25,18,False,80482.59,9195.12,17684.04,53603.43,48.32,49.1875
2026-09-25,19,False,77592.7,9125.01,6562.64,61905.05,65.2,51.5425
2026-09-25,20,False,74295.2,8637.37,200.64,65457.19,65.91,50.0225
2026-09-25,21,False,71461.24,10352.75,0.13,61108.36,53.33,43.8975
2026-09-25,22,False,68134.32,11805.56,0.18,56328.58,45.1,44.4125
2026-09-25,23,False,64924.95,12658.15,0.2,52266.6,38.4,38.74
2026-09-25,24,False,61530.32,13129.51,0.18,48400.63,32.63,29.2475
2026-09-26,1,False,58367.22,13238.62,0.26,45128.34,31.22,27.245
2026-09-26,2,False,55627.57,13458.67,0.31,42168.59,27.88,25.1525
2026-09-26,3,False,53616.26,13861.38,0.28,39754.6,25.92,23.695
2026-09-26,4,False,52101.44,14276.83,0.14,37824.47,25.02,21.9
2026-09-26,5,False,51450.12,14900.76,0.13,36549.23,24.41,20.68
2026-09-26,6,False,51347.95,13966.77,0.12,37381.06,25.5,20.3475
2026-09-26,7,False,51943.1,13594.71,0.2,38348.19,27.06,21.5275
2026-09-26,8,False,52259.19,12060.11,629.59,39569.49,27.94,23.04
2026-09-26,9,False,53989.03,10207.78,9917.78,33863.47,22.86,19.8625
2026-09-26,10,False,57668.78,8442.53,22755.32,26470.93,20.64,17.5675
2026-09-26,11,False,61772.26,9800.86,27324.0,24647.4,21.07,17.285
2026-09-26,12,False,65635.41,11018.26,27907.35,26709.8,26.16,17.48
2026-09-26,13,False,69685.11,9755.75,28096.8,31832.56,29.96,21.4925
2026-09-26,14,False,73377.49,7735.49,28499.64,37142.36,33.72,25.9125
2026-09-26,15,False,76053.95,6515.88,27451.22,42086.85,34.41,29.425
2026-09-26,16,False,77724.17,6367.17,24999.61,46357.39,38.23,32.27
2026-09-26,17,False,78487.51,6586.33,24746.02,47155.16,40.09,29.545
2026-09-26,18,False,77988.37,8105.42,20442.07,49440.88,48.71,34.055
2026-09-26,19,False,75768.93,8879.22,8357.62,58532.09,62.02,36.595
2026-09-26,20,False,72840.72,10438.34,501.01,61901.37,61.39,34.4125
2026-09-26,21,False,70301.14,11311.36,0.18,58989.6,52.29,32.6075
2026-09-26,22,False,67533.04,11464.52,0.15,56068.37,44.38,32.165
2026-09-26,23,False,64590.27,11009.4,0.22,53580.65,37.6,32.6525
2026-09-26,24,False,61573.04,10809.89,0.25,50762.9,32.8,29.8825
2026-09-27,1,False,58724.41,11207.38,0.29,47516.74,31.7,28.3425
2026-09-27,2,False,56148.64,11048.42,0.3,45099.92,29.61,26.94
2026-09-27,3,False,54444.12,11299.08,0.36,43144.68,27.82,24.3
2026-09-27,4,False,53075.29,11197.97,0.4,41876.92,24.75,23.3925
2026-09-27,5,False,51992.29,10272.17,0.36,41719.76,25.03,24.0475
2026-09-27,6,False,51537.39,9223.03,0.36,42314.0,25.53,25.11
2026-09-27,7,False,51517.33,8333.99,0.36,43182.98,28.06,27.125
2026-09-27,8,False,51769.39,7427.08,818.26,43524.05,29.44,27.3025
2026-09-27,9,False,53720.95,6243.14,11222.87,36254.94,21.72,21.95
2026-09-27,10,False,57630.15,3795.23,24418.85,29416.07,19.06,21.8475
2026-09-27,11,False,62158.85,3073.34,28216.88,30868.63,21.44,22.7625
2026-09-27,12,False,66806.94,2293.48,29769.73,34743.73,23.97,22.5975
2026-09-27,13,False,71592.35,1385.48,29403.95,40802.92,31.26,28.1175
2026-09-27,14,False,75897.23,896.99,30082.96,44917.28,34.71,33.57
2026-09-27,15,False,78935.22,1139.89,29091.16,48704.17,38.61,43.08
2026-09-27,16,False,81022.21,1934.07,26914.31,52173.83,44.1,53.1425
2026-09-27,17,False,81585.99,2916.53,22560.22,56109.24,48.56,88.1325
2026-09-27,18,False,80820.8,4280.61,16883.23,59656.96,66.51,93.5625
2026-09-27,19,False,78047.55,5700.39,7233.31,65113.85,97.47,72.805
2026-09-27,20,False,76186.48,6570.17,457.93,69158.38,97.69,77.7725
2026-09-27,21,False,73921.47,8685.13,0.47,65235.87,93.07,63.43
2026-09-27,22,False,71226.19,9531.0,0.46,61694.73,88.59,59.705
2026-09-27,23,False,67452.89,10158.53,0.48,57293.88,53.62,45.7775
2026-09-27,24,False,63905.42,9966.48,0.47,53938.47,36.81,44.18
2026-09-28,1,False,60471.86,9499.69,0.36,50971.81,41.98,44.9375
2026-09-28,2,False,57759.15,8304.21,0.44,49454.5,38.31,44.0175
2026-09-28,3,False,56127.58,7400.61,0.55,48726.42,36.6,51.225
2026-09-28,4,False,55264.33,6629.8,0.51,48634.02,35.68,41.7375
2026-09-28,5,False,55120.67,6358.35,0.51,48761.81,37.8,41.125
2026-09-28,6,False,56111.12,6273.82,0.55,49836.75,42.21,43.2375
2026-09-28,7,False,57879.7,5933.41,0.56,51945.73,43.14,47.885
2026-09-28,8,False,58520.59,5245.27,634.69,52640.63,42.83,50.7925
2026-09-28,9,False,59692.45,3881.49,11417.29,44393.67,29.42,34.3625
2026-09-28,10,False,62671.77,2472.24,25090.51,35109.02,25.0,29.565
2026-09-28,11,False,66206.41,1971.08,28726.82,35508.51,26.47,32.61
2026-09-28,12,False,70332.74,1617.61,29714.38,39000.75,30.94,36.86
2026-09-28,13,False,74233.27,2026.25,30245.07,41961.95,36.9,33.36
2026-09-28,14,False,77535.76,3005.43,29614.39,44915.94,41.22,29.7725
2026-09-28,15,False,79893.43,4525.45,27398.47,47969.51,44.75,33.53
2026-09-28,16,False,81715.87,5713.43,24444.15,51558.29,46.71,50.115
2026-09-28,17,False,82504.9,6633.97,22586.57,53284.36,53.7,50.0625
2026-09-28,18,False,82010.8,8760.22,18106.72,55143.86,63.71,44.89
2026-09-28,19,False,79632.88,12120.5,5734.24,61778.14,74.93,43.855
2026-09-28,20,False,77228.44,14132.54,144.32,62951.58,70.93,37.58
2026-09-28,21,False,75227.3,16351.81,0.21,58875.28,59.32,36.35
2026-09-28,22,False,72181.37,18377.71,0.21,53803.45,42.0,34.095
2026-09-28,23,False,68441.7,20389.26,0.26,48052.18,33.46,27.7725
2026-09-28,24,False,64535.32,21545.7,0.31,42989.31,27.61,25.1175
2026-09-29,1,False,61169.13,21238.35,0.31,39930.47,27.36,23.5425
2026-09-29,2,False,58567.13,21384.56,0.32,37182.25,25.75,22.0975
2026-09-29,3,False,56619.14,21268.19,0.34,35350.61,24.05,21.5275
2026-09-29,4,False,55611.06,20304.21,0.3,35306.55,23.0,21.4625
2026-09-29,5,False,55456.82,18666.15,0.33,36790.34,23.33,22.01
2026-09-29,6,False,56424.17,16575.71,0.34,39848.12,25.07,24.88
2026-09-29,7,False,57880.97,14093.16,0.5,43787.31,27.69,30.8725
2026-09-29,8,False,58004.77,11369.16,704.58,45931.03,27.34,35.3075
2026-09-29,9,False,58915.08,9426.9,8705.69,40782.49,24.0,25.355
2026-09-29,10,False,62250.88,9730.92,17877.4,34642.56,25.0,22.615
2026-09-29,11,False,66419.49,12225.38,21142.93,33051.18,26.48,22.0375
2026-09-29,12,False,70391.66,13942.37,23546.17,32903.12,33.52,39.1775
2026-09-29,13,False,73984.78,15212.42,25062.76,33709.6,38.83,42.225
2026-09-29,14,False,76997.97,15948.54,24786.64,36262.79,39.74,41.5075
2026-09-29,15,False,79102.46,17058.4,24730.02,37314.04,45.08,37.615
2026-09-29,16,False,80323.45,17489.06,23891.57,38942.82,45.64,27.555
2026-09-29,17,False,80912.32,17751.42,21538.13,41622.77,44.95,38.1075
2026-09-29,18,False,80308.29,19209.79,16461.03,44637.47,47.76,35.9675
2026-09-29,19,False,78276.25,20460.64,5081.62,52733.99,47.86,48.6575
2026-09-29,20,False,76421.05,19001.01,126.33,57293.71,45.8,60.1275
2026-09-29,21,False,74472.39,19535.65,5.24,54931.5,47.63,56.62
2026-09-29,22,False,72533.77,22769.14,0.17,49764.46,42.49,36.795
2026-09-29,23,False,69497.64,25193.05,0.18,44304.41,33.09,27.745
2026-09-29,24,False,65916.67,25212.71,0.2,40703.76,28.61,25.485
2026-09-30,1,False,63109.33,25537.31,0.22,37571.8,30.15,23.4125
2026-09-30,2,False,61028.8,25820.36,0.19,35208.25,28.32,22.71
2026-09-30,3,False,59306.72,25148.81,0.22,34157.69,26.41,24.065
2026-09-30,4,False,58279.4,25077.38,0.21,33201.81,26.61,22.7225
2026-09-30,5,False,58335.8,24633.69,0.3,33701.81,27.9,21.04
2026-09-30,6,False,59445.0,23054.45,0.2,36390.35,29.61,24.805
2026-09-30,7,False,61349.41,21699.43,14.81,39635.17,32.19,33.305
2026-09-30,8,False,61780.0,21833.44,537.46,39409.1,32.64,30.1725
2026-09-30,9,False,62489.81,22007.39,7226.41,33256.01,29.55,21.36
2026-09-30,10,False,65170.72,22673.1,15526.68,26970.94,26.57,20.41
2026-09-30,11,False,68412.6,23175.01,18626.51,26611.08,28.71,32.9875
2026-09-30,12,False,71722.52,22620.97,19315.19,29786.36,32.99,51.5575
2026-09-30,13,False,74318.03,21753.04,19501.1,33063.89,42.12,53.0025
2026-09-30,14,False,76801.46,20960.92,19921.66,35918.88,41.67,62.89
2026-09-30,15,False,77559.57,19806.68,19545.3,38207.59,42.84,55.06
2026-09-30,16,False,77838.24,19670.32,18952.7,39215.22,46.08,54.9675
2026-09-30,17,False,77632.02,19477.93,15886.18,42267.91,51.01,92.5775
2026-09-30,18,False,76780.47,19935.75,12903.84,43940.88,57.54,50.845
2026-09-30,19,False,75600.62,20157.65,5059.94,50383.03,59.76,44.69
2026-09-30,20,False,74197.27,17898.86,327.87,55970.54,53.34,46.4875
2026-09-30,21,False,72509.49,17916.44,56.33,54536.72,56.77,40.1425
2026-09-30,22,False,70448.44,17319.83,0.48,53128.13,64.3,40.91
2026-09-30,23,False,67389.99,16463.85,0.83,50925.31,51.35,45.3525
2026-09-30,24,False,64262.18,15866.8,0.69,48394.69,46.95,39.8975
